-- MySQL dump 10.13  Distrib 8.0.28, for macos11 (x86_64)
--
-- Host: localhost    Database: plant
-- ------------------------------------------------------
-- Server version	8.0.28

/*!40101 SET @OLD_CHARACTER_SET_CLIENT=@@CHARACTER_SET_CLIENT */;
/*!40101 SET @OLD_CHARACTER_SET_RESULTS=@@CHARACTER_SET_RESULTS */;
/*!40101 SET @OLD_COLLATION_CONNECTION=@@COLLATION_CONNECTION */;
/*!50503 SET NAMES utf8mb4 */;
/*!40103 SET @OLD_TIME_ZONE=@@TIME_ZONE */;
/*!40103 SET TIME_ZONE='+00:00' */;
/*!40014 SET @OLD_UNIQUE_CHECKS=@@UNIQUE_CHECKS, UNIQUE_CHECKS=0 */;
/*!40014 SET @OLD_FOREIGN_KEY_CHECKS=@@FOREIGN_KEY_CHECKS, FOREIGN_KEY_CHECKS=0 */;
/*!40101 SET @OLD_SQL_MODE=@@SQL_MODE, SQL_MODE='NO_AUTO_VALUE_ON_ZERO' */;
/*!40111 SET @OLD_SQL_NOTES=@@SQL_NOTES, SQL_NOTES=0 */;

--
-- Table structure for table `article`
--

DROP TABLE IF EXISTS `article`;
/*!40101 SET @saved_cs_client     = @@character_set_client */;
/*!50503 SET character_set_client = utf8mb4 */;
CREATE TABLE `article` (
  `id` int NOT NULL AUTO_INCREMENT,
  `name` varchar(50) CHARACTER SET utf8mb4 COLLATE utf8mb4_unicode_ci DEFAULT NULL COMMENT '标题',
  `content` text CHARACTER SET utf8mb4 COLLATE utf8mb4_unicode_ci COMMENT '内容',
  `user` varchar(20) CHARACTER SET utf8mb4 COLLATE utf8mb4_unicode_ci DEFAULT NULL COMMENT '发布人',
  `time` varchar(20) CHARACTER SET utf8mb4 COLLATE utf8mb4_unicode_ci DEFAULT NULL COMMENT '发布时间',
  PRIMARY KEY (`id`) USING BTREE
) ENGINE=InnoDB AUTO_INCREMENT=3 DEFAULT CHARSET=utf8mb4 COLLATE=utf8mb4_unicode_ci ROW_FORMAT=DYNAMIC;
/*!40101 SET character_set_client = @saved_cs_client */;

--
-- Dumping data for table `article`
--

LOCK TABLES `article` WRITE;
/*!40000 ALTER TABLE `article` DISABLE KEYS */;
/*!40000 ALTER TABLE `article` ENABLE KEYS */;
UNLOCK TABLES;

--
-- Table structure for table `building`
--

DROP TABLE IF EXISTS `building`;
/*!40101 SET @saved_cs_client     = @@character_set_client */;
/*!50503 SET character_set_client = utf8mb4 */;
CREATE TABLE `building` (
  `id` int NOT NULL AUTO_INCREMENT,
  `label` varchar(255) CHARACTER SET utf8mb4 COLLATE utf8mb4_unicode_ci DEFAULT NULL COMMENT '楼栋',
  `value` varchar(255) CHARACTER SET utf8mb4 COLLATE utf8mb4_unicode_ci DEFAULT NULL COMMENT '单元',
  `pid` int DEFAULT NULL COMMENT '父级id',
  PRIMARY KEY (`id`) USING BTREE
) ENGINE=InnoDB AUTO_INCREMENT=11 DEFAULT CHARSET=utf8mb4 COLLATE=utf8mb4_unicode_ci ROW_FORMAT=DYNAMIC;
/*!40101 SET character_set_client = @saved_cs_client */;

--
-- Dumping data for table `building`
--

LOCK TABLES `building` WRITE;
/*!40000 ALTER TABLE `building` DISABLE KEYS */;
INSERT INTO `building` VALUES (1,'1栋','1栋',NULL),(2,'2栋','2栋',NULL),(3,'1单元','1单元',1),(4,'2单元','2单元',1),(5,'1单元','1单元',2),(6,'2单元','2单元',2),(7,'101','101',3),(8,'201','201',3),(9,'101','101',4),(10,'201','201',4);
/*!40000 ALTER TABLE `building` ENABLE KEYS */;
UNLOCK TABLES;

--
-- Table structure for table `course`
--

DROP TABLE IF EXISTS `course`;
/*!40101 SET @saved_cs_client     = @@character_set_client */;
/*!50503 SET character_set_client = utf8mb4 */;
CREATE TABLE `course` (
  `id` int NOT NULL AUTO_INCREMENT COMMENT 'id',
  `name` varchar(50) CHARACTER SET utf8mb4 COLLATE utf8mb4_unicode_ci DEFAULT NULL COMMENT '课程名称',
  `score` int DEFAULT NULL COMMENT '学分',
  `times` varchar(50) CHARACTER SET utf8mb4 COLLATE utf8mb4_unicode_ci DEFAULT NULL COMMENT '上课时间',
  `state` tinyint(1) DEFAULT NULL COMMENT '是否开课',
  `teacher_id` int DEFAULT NULL COMMENT '授课老师id',
  PRIMARY KEY (`id`) USING BTREE
) ENGINE=InnoDB AUTO_INCREMENT=4 DEFAULT CHARSET=utf8mb4 COLLATE=utf8mb4_unicode_ci ROW_FORMAT=DYNAMIC;
/*!40101 SET character_set_client = @saved_cs_client */;

--
-- Dumping data for table `course`
--

LOCK TABLES `course` WRITE;
/*!40000 ALTER TABLE `course` DISABLE KEYS */;
/*!40000 ALTER TABLE `course` ENABLE KEYS */;
UNLOCK TABLES;

--
-- Table structure for table `output_data`
--

DROP TABLE IF EXISTS `output_data`;
/*!40101 SET @saved_cs_client     = @@character_set_client */;
/*!50503 SET character_set_client = utf8mb4 */;
CREATE TABLE `output_data` (
  `id` int NOT NULL AUTO_INCREMENT,
  `species` varchar(100) CHARACTER SET utf8mb4 COLLATE utf8mb4_0900_ai_ci DEFAULT NULL,
  `accumulation` double DEFAULT '0',
  `formula` int DEFAULT '1',
  `output` double DEFAULT '0',
  `year` varchar(100) DEFAULT '2022',
  PRIMARY KEY (`id`)
) ENGINE=InnoDB AUTO_INCREMENT=79 DEFAULT CHARSET=utf8mb4 COLLATE=utf8mb4_0900_ai_ci;
/*!40101 SET character_set_client = @saved_cs_client */;

--
-- Dumping data for table `output_data`
--

LOCK TABLES `output_data` WRITE;
/*!40000 ALTER TABLE `output_data` DISABLE KEYS */;
/*!40000 ALTER TABLE `output_data` ENABLE KEYS */;
UNLOCK TABLES;

--
-- Table structure for table `parameters`
--

DROP TABLE IF EXISTS `parameters`;
/*!40101 SET @saved_cs_client     = @@character_set_client */;
/*!50503 SET character_set_client = utf8mb4 */;
CREATE TABLE `parameters` (
  `id` int NOT NULL AUTO_INCREMENT,
  `formula` int DEFAULT NULL,
  `species` varchar(100) DEFAULT NULL,
  `parameters_one` double DEFAULT '0',
  `parameters_two` double DEFAULT '0',
  `parameters_three` double DEFAULT '0',
  PRIMARY KEY (`id`)
) ENGINE=InnoDB AUTO_INCREMENT=29 DEFAULT CHARSET=utf8mb4 COLLATE=utf8mb4_0900_ai_ci;
/*!40101 SET character_set_client = @saved_cs_client */;

--
-- Dumping data for table `parameters`
--

LOCK TABLES `parameters` WRITE;
/*!40000 ALTER TABLE `parameters` DISABLE KEYS */;
INSERT INTO `parameters` VALUES (1,1,'shanmu',0.45,17.99,0),(2,1,'songshu',0.801,24.055,0),(3,1,'huamuke',0.994,50.708,0),(4,1,'yangliuke',0.974,19.708,0),(5,1,'douke',0.644,17.285,0),(6,1,'zhangshu',0.644,17.285,0),(7,1,'mulanke',0.644,17.285,0),(8,2,'shanmu',2.029,0.0208,0),(9,2,'songshu',2.006,0.059,0),(10,2,'huamuke',2.0875,0.0217,0),(11,2,'yangliuke',1.7501,0.0462,0),(12,2,'douke',0.0432,1.7201,0),(13,2,'zhangshu',0.0432,1.7201,0),(14,2,'mulanke',0.0432,1.7201,0),(15,3,'shanmu',0.989,38.26,0),(16,3,'songshu',0.801,26.02,0),(17,3,'huamuke',1.201,46.02,0),(18,3,'yangliuke',0.95,20.708,0),(19,3,'douke',0.634,20.285,0),(20,3,'zhangshu',0.634,20.285,0),(21,3,'mulanke',0.634,20.285,0),(22,4,'shanmu',0.4,3.19,0.32),(23,4,'songshu',0.41,2.73,0.46),(24,4,'huamuke',0.51,2.59,0.43),(25,4,'yangliuke',0.35,2.49,0.43),(26,4,'douke',0.41,3,0.26),(27,4,'zhangshu',0.41,3,0.26),(28,4,'mulanke',0.41,3,0.26);
/*!40000 ALTER TABLE `parameters` ENABLE KEYS */;
UNLOCK TABLES;

--
-- Table structure for table `student_course`
--

DROP TABLE IF EXISTS `student_course`;
/*!40101 SET @saved_cs_client     = @@character_set_client */;
/*!50503 SET character_set_client = utf8mb4 */;
CREATE TABLE `student_course` (
  `student_id` int NOT NULL,
  `course_id` int NOT NULL,
  PRIMARY KEY (`student_id`,`course_id`) USING BTREE
) ENGINE=InnoDB DEFAULT CHARSET=utf8mb4 COLLATE=utf8mb4_unicode_ci ROW_FORMAT=DYNAMIC;
/*!40101 SET character_set_client = @saved_cs_client */;

--
-- Dumping data for table `student_course`
--

LOCK TABLES `student_course` WRITE;
/*!40000 ALTER TABLE `student_course` DISABLE KEYS */;
INSERT INTO `student_course` VALUES (28,1),(28,2);
/*!40000 ALTER TABLE `student_course` ENABLE KEYS */;
UNLOCK TABLES;

--
-- Table structure for table `sys_dict`
--

DROP TABLE IF EXISTS `sys_dict`;
/*!40101 SET @saved_cs_client     = @@character_set_client */;
/*!50503 SET character_set_client = utf8mb4 */;
CREATE TABLE `sys_dict` (
  `name` varchar(255) CHARACTER SET utf8mb4 COLLATE utf8mb4_unicode_ci DEFAULT NULL COMMENT '名称',
  `value` varchar(255) CHARACTER SET utf8mb4 COLLATE utf8mb4_unicode_ci DEFAULT NULL COMMENT '内容',
  `type` varchar(255) CHARACTER SET utf8mb4 COLLATE utf8mb4_unicode_ci DEFAULT NULL COMMENT '类型'
) ENGINE=InnoDB DEFAULT CHARSET=utf8mb4 COLLATE=utf8mb4_unicode_ci ROW_FORMAT=DYNAMIC;
/*!40101 SET character_set_client = @saved_cs_client */;

--
-- Dumping data for table `sys_dict`
--

LOCK TABLES `sys_dict` WRITE;
/*!40000 ALTER TABLE `sys_dict` DISABLE KEYS */;
INSERT INTO `sys_dict` VALUES ('user','el-icon-user','icon'),('house','el-icon-house','icon'),('menu','el-icon-menu','icon'),('s-custom','el-icon-s-custom','icon'),('s-grid','el-icon-s-grid','icon'),('document','el-icon-document','icon'),('coffee','el-icon-coffee\r\n','icon'),('s-marketing','el-icon-s-marketing','icon');
/*!40000 ALTER TABLE `sys_dict` ENABLE KEYS */;
UNLOCK TABLES;

--
-- Table structure for table `sys_file`
--

DROP TABLE IF EXISTS `sys_file`;
/*!40101 SET @saved_cs_client     = @@character_set_client */;
/*!50503 SET character_set_client = utf8mb4 */;
CREATE TABLE `sys_file` (
  `id` int NOT NULL AUTO_INCREMENT COMMENT 'id',
  `name` varchar(255) CHARACTER SET utf8mb4 COLLATE utf8mb4_unicode_ci DEFAULT NULL COMMENT '文件名称',
  `type` varchar(255) CHARACTER SET utf8mb4 COLLATE utf8mb4_unicode_ci DEFAULT NULL COMMENT '文件类型',
  `size` bigint DEFAULT NULL COMMENT '文件大小(kb)',
  `url` varchar(255) CHARACTER SET utf8mb4 COLLATE utf8mb4_unicode_ci DEFAULT NULL COMMENT '下载链接',
  `md5` varchar(255) CHARACTER SET utf8mb4 COLLATE utf8mb4_unicode_ci DEFAULT NULL COMMENT '文件md5',
  `is_delete` tinyint(1) DEFAULT '0' COMMENT '是否删除',
  `enable` tinyint(1) DEFAULT '1' COMMENT '是否禁用链接',
  PRIMARY KEY (`id`) USING BTREE
) ENGINE=InnoDB AUTO_INCREMENT=44 DEFAULT CHARSET=utf8mb4 COLLATE=utf8mb4_unicode_ci ROW_FORMAT=DYNAMIC;
/*!40101 SET character_set_client = @saved_cs_client */;

--
-- Dumping data for table `sys_file`
--

LOCK TABLES `sys_file` WRITE;
/*!40000 ALTER TABLE `sys_file` DISABLE KEYS */;
/*!40000 ALTER TABLE `sys_file` ENABLE KEYS */;
UNLOCK TABLES;

--
-- Table structure for table `sys_menu`
--

DROP TABLE IF EXISTS `sys_menu`;
/*!40101 SET @saved_cs_client     = @@character_set_client */;
/*!50503 SET character_set_client = utf8mb4 */;
CREATE TABLE `sys_menu` (
  `id` int NOT NULL AUTO_INCREMENT COMMENT 'id',
  `name` varchar(255) CHARACTER SET utf8mb4 COLLATE utf8mb4_unicode_ci DEFAULT NULL COMMENT '名称',
  `path` varchar(255) CHARACTER SET utf8mb4 COLLATE utf8mb4_unicode_ci DEFAULT NULL COMMENT '路径',
  `icon` varchar(255) CHARACTER SET utf8mb4 COLLATE utf8mb4_unicode_ci DEFAULT NULL COMMENT '图标',
  `description` varchar(255) CHARACTER SET utf8mb4 COLLATE utf8mb4_unicode_ci DEFAULT NULL COMMENT '描述',
  `pid` int DEFAULT NULL COMMENT '父级id',
  `page_path` varchar(255) CHARACTER SET utf8mb4 COLLATE utf8mb4_unicode_ci DEFAULT NULL COMMENT '页面路径',
  `sort_num` int DEFAULT NULL COMMENT '排序',
  PRIMARY KEY (`id`) USING BTREE
) ENGINE=InnoDB AUTO_INCREMENT=48 DEFAULT CHARSET=utf8mb4 COLLATE=utf8mb4_unicode_ci ROW_FORMAT=DYNAMIC;
/*!40101 SET character_set_client = @saved_cs_client */;

--
-- Dumping data for table `sys_menu`
--

LOCK TABLES `sys_menu` WRITE;
/*!40000 ALTER TABLE `sys_menu` DISABLE KEYS */;
INSERT INTO `sys_menu` VALUES (2,'数据报表','/dashbord','el-icon-s-marketing','11',NULL,'Dashbord',100),(4,'系统管理',NULL,'el-icon-s-grid',NULL,NULL,NULL,300),(5,'用户管理','/user','el-icon-user',NULL,4,'User',301),(6,'角色管理','/role','el-icon-s-custom',NULL,4,'Role',302),(7,'菜单管理','/menu','el-icon-menu',NULL,4,'Menu',303),(8,'文件管理','/file','el-icon-document',NULL,4,'File',304),(10,'主页','/home','el-icon-house',NULL,NULL,'Home',0),(40,'高德地图','/map','el-icon-house',NULL,NULL,'Map',999),(42,'级联查询','/building','el-icon-menu',NULL,NULL,'Building',999),(43,'时间范围查询','/timeSearch','el-icon-menu',NULL,NULL,'TimeSearch',999),(44,'估算生物量','/calculate','el-icon-coffee\r\n',NULL,NULL,'Calculate',204),(45,'生物量数据库','/data-list','el-icon-menu',NULL,NULL,'DataList',205),(46,'模型参数管理','/manage-parameters','el-icon-menu',NULL,NULL,'ManageParameters',206),(47,'估算下年生物量','/forecast','el-icon-s-marketing',NULL,NULL,'Forecast',207);
/*!40000 ALTER TABLE `sys_menu` ENABLE KEYS */;
UNLOCK TABLES;

--
-- Table structure for table `sys_role`
--

DROP TABLE IF EXISTS `sys_role`;
/*!40101 SET @saved_cs_client     = @@character_set_client */;
/*!50503 SET character_set_client = utf8mb4 */;
CREATE TABLE `sys_role` (
  `id` int NOT NULL AUTO_INCREMENT COMMENT 'id',
  `name` varchar(50) CHARACTER SET utf8mb4 COLLATE utf8mb4_unicode_ci DEFAULT NULL COMMENT '名称',
  `description` varchar(255) CHARACTER SET utf8mb4 COLLATE utf8mb4_unicode_ci DEFAULT NULL COMMENT '描述',
  `flag` varchar(50) CHARACTER SET utf8mb4 COLLATE utf8mb4_unicode_ci DEFAULT NULL COMMENT '唯一标识',
  PRIMARY KEY (`id`) USING BTREE
) ENGINE=InnoDB AUTO_INCREMENT=4 DEFAULT CHARSET=utf8mb4 COLLATE=utf8mb4_unicode_ci ROW_FORMAT=DYNAMIC;
/*!40101 SET character_set_client = @saved_cs_client */;

--
-- Dumping data for table `sys_role`
--

LOCK TABLES `sys_role` WRITE;
/*!40000 ALTER TABLE `sys_role` DISABLE KEYS */;
INSERT INTO `sys_role` VALUES (1,'管理员','管理员','ROLE_ADMIN'),(3,'用户','用户','ROLE_USER');
/*!40000 ALTER TABLE `sys_role` ENABLE KEYS */;
UNLOCK TABLES;

--
-- Table structure for table `sys_role_menu`
--

DROP TABLE IF EXISTS `sys_role_menu`;
/*!40101 SET @saved_cs_client     = @@character_set_client */;
/*!50503 SET character_set_client = utf8mb4 */;
CREATE TABLE `sys_role_menu` (
  `role_id` int NOT NULL COMMENT '角色id',
  `menu_id` int NOT NULL COMMENT '菜单id',
  PRIMARY KEY (`role_id`,`menu_id`) USING BTREE
) ENGINE=InnoDB DEFAULT CHARSET=utf8mb4 COLLATE=utf8mb4_unicode_ci ROW_FORMAT=DYNAMIC COMMENT='角色菜单关系表';
/*!40101 SET character_set_client = @saved_cs_client */;

--
-- Dumping data for table `sys_role_menu`
--

LOCK TABLES `sys_role_menu` WRITE;
/*!40000 ALTER TABLE `sys_role_menu` DISABLE KEYS */;
INSERT INTO `sys_role_menu` VALUES (1,2),(1,4),(1,5),(1,6),(1,7),(1,8),(1,10),(1,44),(1,45),(1,46),(1,47),(3,2),(3,10),(3,44),(3,45),(3,46),(3,47);
/*!40000 ALTER TABLE `sys_role_menu` ENABLE KEYS */;
UNLOCK TABLES;

--
-- Table structure for table `sys_user`
--

DROP TABLE IF EXISTS `sys_user`;
/*!40101 SET @saved_cs_client     = @@character_set_client */;
/*!50503 SET character_set_client = utf8mb4 */;
CREATE TABLE `sys_user` (
  `id` int NOT NULL AUTO_INCREMENT COMMENT 'id',
  `username` varchar(50) CHARACTER SET utf8mb4 COLLATE utf8mb4_unicode_ci DEFAULT NULL COMMENT '用户名',
  `password` varchar(50) CHARACTER SET utf8mb4 COLLATE utf8mb4_unicode_ci DEFAULT NULL COMMENT '密码',
  `nickname` varchar(50) CHARACTER SET utf8mb4 COLLATE utf8mb4_unicode_ci DEFAULT NULL COMMENT '昵称',
  `email` varchar(50) CHARACTER SET utf8mb4 COLLATE utf8mb4_unicode_ci DEFAULT NULL COMMENT '邮箱',
  `phone` varchar(20) CHARACTER SET utf8mb4 COLLATE utf8mb4_unicode_ci DEFAULT NULL COMMENT '电话',
  `address` varchar(255) CHARACTER SET utf8mb4 COLLATE utf8mb4_unicode_ci DEFAULT NULL COMMENT '地址',
  `create_time` timestamp NULL DEFAULT CURRENT_TIMESTAMP COMMENT '创建时间',
  `avatar_url` varchar(255) CHARACTER SET utf8mb4 COLLATE utf8mb4_unicode_ci DEFAULT NULL COMMENT '头像',
  `role` varchar(50) CHARACTER SET utf8mb4 COLLATE utf8mb4_unicode_ci DEFAULT NULL COMMENT '角色',
  PRIMARY KEY (`id`) USING BTREE
) ENGINE=InnoDB AUTO_INCREMENT=32 DEFAULT CHARSET=utf8mb4 COLLATE=utf8mb4_unicode_ci ROW_FORMAT=DYNAMIC;
/*!40101 SET character_set_client = @saved_cs_client */;

--
-- Dumping data for table `sys_user`
--

LOCK TABLES `sys_user` WRITE;
/*!40000 ALTER TABLE `sys_user` DISABLE KEYS */;
INSERT INTO `sys_user` VALUES (1,'admin','21232f297a57a5a743894a0e4a801fc3','维尼','admin@qq.com','13988997788','安徽','2022-01-22 13:10:27','http://localhost:9090/file/8d966b0e6cf84fe191a72a58b8293b23.png','ROLE_ADMIN'),(31,'user','202cb962ac59075b964b07152d234b70','张三','28746@qq.com','13671002699','北京','2022-05-25 09:25:40',NULL,'ROLE_USER');
/*!40000 ALTER TABLE `sys_user` ENABLE KEYS */;
UNLOCK TABLES;

--
-- Table structure for table `t_comment`
--

DROP TABLE IF EXISTS `t_comment`;
/*!40101 SET @saved_cs_client     = @@character_set_client */;
/*!50503 SET character_set_client = utf8mb4 */;
CREATE TABLE `t_comment` (
  `id` int NOT NULL AUTO_INCREMENT,
  `content` varchar(255) CHARACTER SET utf8mb4 COLLATE utf8mb4_unicode_ci DEFAULT NULL COMMENT '内容',
  `user_id` int DEFAULT NULL COMMENT '评论人id',
  `time` varchar(50) CHARACTER SET utf8mb4 COLLATE utf8mb4_unicode_ci DEFAULT NULL COMMENT '评论时间',
  `pid` int DEFAULT NULL COMMENT '父id',
  `origin_id` int DEFAULT NULL COMMENT '最上级评论id',
  `article_id` int DEFAULT NULL COMMENT '关联文章的id',
  PRIMARY KEY (`id`) USING BTREE
) ENGINE=InnoDB AUTO_INCREMENT=22 DEFAULT CHARSET=utf8mb4 COLLATE=utf8mb4_unicode_ci ROW_FORMAT=DYNAMIC;
/*!40101 SET character_set_client = @saved_cs_client */;

--
-- Dumping data for table `t_comment`
--

LOCK TABLES `t_comment` WRITE;
/*!40000 ALTER TABLE `t_comment` DISABLE KEYS */;
/*!40000 ALTER TABLE `t_comment` ENABLE KEYS */;
UNLOCK TABLES;

--
-- Dumping routines for database 'plant'
--
/*!40103 SET TIME_ZONE=@OLD_TIME_ZONE */;

/*!40101 SET SQL_MODE=@OLD_SQL_MODE */;
/*!40014 SET FOREIGN_KEY_CHECKS=@OLD_FOREIGN_KEY_CHECKS */;
/*!40014 SET UNIQUE_CHECKS=@OLD_UNIQUE_CHECKS */;
/*!40101 SET CHARACTER_SET_CLIENT=@OLD_CHARACTER_SET_CLIENT */;
/*!40101 SET CHARACTER_SET_RESULTS=@OLD_CHARACTER_SET_RESULTS */;
/*!40101 SET COLLATION_CONNECTION=@OLD_COLLATION_CONNECTION */;
/*!40111 SET SQL_NOTES=@OLD_SQL_NOTES */;

-- Dump completed on 2022-05-25 19:47:50
